chamado,texto,avaliador,setor_escolhido,segundos
1,Quero trancar a matrícula neste semestre,,,
2,Tenho parcelas atrasadas e quero um acordo para regularizar,,,
3,Quero mudar meu endereço e telefone no cadastro,,,
4,"Meu histórico está com informações erradas, preciso da correção",,,
5,Tenho conflito de horário entre duas disciplinas e preciso de solução,,,
6,Quero solicitar a segunda via da carteirinha perdida,,,
7,Preciso do horário das aulas da turma e da lista de ementas,,,
8,Qual o prazo para fazer a rematrícula,,,
9,Fui cobrado de taxa de segunda chamada indevidamente,,,
10,Quais documentos preciso levar para me matricular,,,
11,Como faço para entrar como monitor de uma disciplina,,,
12,"Minha matrícula foi cancelada por engano, preciso reverter imediatamente",,,
13,O financiamento estudantil do banco ainda não foi repassado para a faculdade,,,
14,Posso antecipar disciplinas para me formar mais cedo,,,
15,"Erro na minha nota final do semestre, aprovado no sistema mas reprovado no diário",,,
16,"Preciso regularizar pendência financeira para fazer a rematrícula, o prazo termina amanhã",,,
17,Como funciona a validação das horas complementares,,,
18,"O boleto venceu ontem e o sistema não deixa emitir outro, preciso pagar hoje",,,
19,Tem previsão de oferta da disciplina de inteligência artificial,,,
20,O professor não aceita meu atestado médico para a segunda chamada,,,
21,Preciso de declaração para o plano de saúde comprovando que estudo,,,
22,"Fui bloqueado no portal por inadimplência e tenho prova hoje, preciso liberar urgente",,,
23,Conflito entre orientador e aluno no desenvolvimento do TCC,,,
24,Solicito ementas das disciplinas para pedido de aproveitamento,,,
25,Minha carteirinha de estudante não chegou,,,
26,Preciso da declaração de quitação de débitos financeiros,,,
27,Gostaria de saber como funciona o desconto para pagamento antecipado,,,
28,Solicito declaração de conclusão de curso provisória,,,
29,Qual o valor da taxa de rematrícula do próximo semestre,,,
30,Quero saber se tenho direito a bolsa de estudos,,,
